{"type":"header","name":"Header","sections":{"40cdc232-8dd8-427c-b8ab-98fcf3523e60":{"type":"custom-section","blocks":{"9358ead7-959e-4cdd-b971-5a08e53c7729":{"type":"text","settings":{"text":"<p>Welcome to the Flex sections developer preview<\/p>","text_style":"","alignment":"center","size":{"width":"100%"},"spacing":{"padding":"0px 20px"}}}},"block_order":["9358ead7-959e-4cdd-b971-5a08e53c7729"],"settings":{"spacing":{"padding":"6px 0"},"layout":{"flex-direction":"row","justify-content":"center"},"color_scheme":"scheme-2"}},"f80fab76-22f9-452e-ad08-16b13cc02cd6":{"type":"custom-section","blocks":{"group_QwzE6T":{"type":"group","settings":{"size":{"width":"20%","@media (--mobile)":{"width":"100%"}},"spacing":{"padding":"0"},"layout":{"flex-direction":"row","justify-content":"flex-start"}},"blocks":{"heading_HeFnwz":{"type":"heading","settings":{"heading":"<a href=\"\/\" title=\"\/\">Store name<\/a>","heading_size":"h2","alignment":"start"}}},"block_order":["heading_HeFnwz"]},"group_MMGbDg":{"type":"group","settings":{"size":{"width":"80%","@media (--mobile)":{"width":"100%"}},"spacing":{"padding":"0"},"layout":{"flex-direction":"row","justify-content":"flex-end","@media (--mobile)":{"justify-content":"flex-start"}},"color_scheme":""},"blocks":{"link_gCx6K6":{"type":"link","settings":{"link":"https:\/\/github.com\/Shopify\/reference-theme\/discussions","label":"Github discussion board","style_class":"link","open_in_new_tab":true,"icon":"chat_bubble","icon_position":"left"}},"link_qxd3Gx":{"type":"link","settings":{"link":"https:\/\/shopify.dev\/docs\/themes\/architecture\/blocks","label":"Developer documentation","style_class":"link","open_in_new_tab":true,"icon":"question_mark","icon_position":"left"}},"link_hj67zg":{"type":"link","settings":{"link":"https:\/\/shopify.dev\/docs\/storefronts\/themes\/architecture\/settings\/style-settings","label":"Style settings documentation","style_class":"link","open_in_new_tab":true,"icon":"question_mark","icon_position":"left"}}},"block_order":["link_gCx6K6","link_qxd3Gx","link_hj67zg"]}},"block_order":["group_QwzE6T","group_MMGbDg"],"settings":{"spacing":{"padding":"30px 20px"},"layout":{"flex-direction":"row","justify-content":"space-between"},"color_scheme":""}}},"order":["40cdc232-8dd8-427c-b8ab-98fcf3523e60","f80fab76-22f9-452e-ad08-16b13cc02cd6"]}