{"sections":{"custom_section_q7NbAR":{"type":"custom-section","blocks":{"slide_yENPgK":{"type":"slide","settings":{"image":"shopify:\/\/shop_images\/Kinderwagen.png","spacing":{"padding-block-start":"50px","padding-block-end":"50px","padding-inline-start":"50px","padding-inline-end":"50px","margin-block-start":"0px","margin-block-end":"0px","margin-inline-start":"0px","margin-inline-end":"0px"},"layout":{"row-gap":"0px","column-gap":"0px","flex-wrap":"nowrap"}},"blocks":{"group_jfgfwG":{"type":"group","settings":{"size":{"width":"100%","flex-grow":"1","@media (--mobile)":{"width":"90%"},"flex-basis":"auto","height":"100%"},"spacing":{"padding-block-start":"50px","padding-inline-end":"50px","padding-block-end":"50px","padding-inline-start":"50px"},"layout":{"flex-direction":"column"},"color_scheme":"scheme-4"},"blocks":{"heading_RHJLXf":{"type":"heading","settings":{"heading":"Image slide","heading_size":"h1","alignment":"start","size":{},"spacing":{}}},"text_Yf7MhV":{"type":"text","settings":{"text":"<p>Tell your brand's story through images<\/p>","text_style":"","alignment":"start","size":{},"spacing":{}}},"link_MkAKgd":{"type":"link","settings":{"link":"","label":"Button label","style_class":"button","open_in_new_tab":false,"icon":"none","icon_position":"left","size":{},"spacing":{"padding-block-start":"10px","padding-inline-end":"30px","padding-block-end":"10px","padding-inline-start":"30px"}}}},"block_order":["heading_RHJLXf","text_Yf7MhV","link_MkAKgd"]}},"block_order":["group_jfgfwG"]},"slide_8MJxnM":{"type":"slide","settings":{"image":"shopify:\/\/shop_images\/Kinderwagen.png","spacing":{"padding-block-start":"50px","padding-block-end":"50px","padding-inline-start":"50px","padding-inline-end":"50px","margin-block-start":"0px","margin-block-end":"0px","margin-inline-start":"0px","margin-inline-end":"0px"},"layout":{"row-gap":"0px","column-gap":"0px","flex-wrap":"nowrap"}},"blocks":{"group_nyrDDD":{"type":"group","settings":{"size":{"width":"100%","flex-grow":"1","@media (--mobile)":{"width":"90%"},"flex-basis":"auto"},"spacing":{"padding-block-start":"50px","padding-inline-end":"50px","padding-block-end":"50px","padding-inline-start":"50px"},"layout":{"flex-direction":"column"},"color_scheme":"scheme-4"},"blocks":{"heading_4BVGQa":{"type":"heading","settings":{"heading":"Image slide","heading_size":"h1","alignment":"start","size":{},"spacing":{}}},"text_Gt3MNT":{"type":"text","settings":{"text":"<p>Tell your brand's story through images<\/p>","text_style":"","alignment":"start","size":{},"spacing":{}}},"link_TEbfYN":{"type":"link","settings":{"link":"","label":"Button label","style_class":"button","open_in_new_tab":false,"icon":"none","icon_position":"left","size":{},"spacing":{"padding-block-start":"10px","padding-inline-end":"30px","padding-block-end":"10px","padding-inline-start":"30px"}}}},"block_order":["heading_4BVGQa","text_Gt3MNT","link_TEbfYN"]}},"block_order":["group_nyrDDD"]}},"block_order":["slide_yENPgK","slide_8MJxnM"],"settings":{"spacing":{"padding-inline-start":"0px","padding-block-start":"0px","padding-block-end":"0px","padding-inline-end":"0px","margin-block-start":"0px","margin-block-end":"0px","margin-inline-start":"0px","margin-inline-end":"0px"},"layout":{"row-gap":"0px","column-gap":"0px","flex-direction":"row","flex-wrap":"nowrap","justify-content":"center","align-items":"center","align-content":"center"},"color_scheme":""}}},"order":["custom_section_q7NbAR"]}