{"sections":{"eff0db31-5031-4cf7-b594-f534b4a21b27":{"type":"featured-product","blocks":{"9c8f7c42-604a-41de-a594-12f7c7f0e653":{"type":"product-medias","settings":{"product":"{{ section.settings.product }}","media_featured":true,"size":{"width":"100%","flex-grow":"1"}}},"c0e7c161-3f86-4580-b1d2-5d6f96428237":{"type":"group","settings":{"spacing":{"padding":"20px"},"layout":{"flex-direction":"column","justify-content":"flex-start","align-items":"flex-start","gap":"5px"},"color_scheme":""},"blocks":{"8e624812-3736-4121-9762-3bb2c48e1b7c":{"type":"text","settings":{"text":"<p>{{ section.settings.product.vendor }}<\/p>","text_style":"text-block-caption","alignment":"start"}},"heading_MgtBgC":{"type":"heading","settings":{"heading":"{{ section.settings.product.title }}","heading_size":"h1","alignment":"start"}},"85c04f16-a58b-4d58-bc70-ad8f9d1e75a3":{"type":"price","settings":{"product":"{{ section.settings.product }}"}},"0ab4dad4-d9a4-4064-8512-5d6974e32100":{"type":"variant-picker","settings":{"product":"{{ section.settings.product }}"}},"13857f6b-f089-4d09-8bf0-f55ec052560d":{"type":"quantity-selector","settings":{"product":"{{ section.settings.product }}"}},"7e6064f3-e925-4883-b434-2d96eb09a467":{"type":"buy-buttons","settings":{"product":"{{ section.settings.product }}","show_dynamic_checkout":true,"spacing":{"padding":"15px 0"}}},"41c0675b-741c-4bc1-8edb-5291a98632e6":{"type":"product-description","settings":{"product":"{{ section.settings.product }}"}},"group_a3Nwet":{"type":"group","settings":{"size":{"width":"100%"},"spacing":{"padding":"0"},"layout":{"flex-direction":"column","align-items":"flex-start","gap":"0px"},"color_scheme":""},"blocks":{"collapsible_row_WEBEnL":{"type":"collapsible-row","settings":{},"blocks":{"text_YBKTLB":{"type":"text","settings":{"text":"<p>Designed for life in and out of the water, these shorts feature hydrophobic fabric for quick-drying comfort and two side pockets for your essentials.<\/p>","text_style":"","alignment":"start","spacing":{"padding":"15px"}}},"collapsible-row-summary":{"type":"collapsible-row-summary","static":true,"settings":{"summary":"Materials"},"blocks":{"collapsible-row-icon":{"type":"icon","static":true,"settings":{"icon":"leather","width":22}}},"block_order":null}},"block_order":["text_YBKTLB"]},"collapsible_row_EYqA3x":{"type":"collapsible-row","settings":{},"blocks":{"text_MgMBnY":{"type":"text","settings":{"text":"<p>We offer free worldwide express shipping on all orders. You'll receive your order an estimated 1–4 days after shipment.<\/p>","text_style":"","alignment":"start","spacing":{"padding":"15px"}}},"collapsible-row-summary":{"type":"collapsible-row-summary","static":true,"settings":{"summary":"Shipping"},"blocks":{"collapsible-row-icon":{"type":"icon","static":true,"settings":{"icon":"truck","width":22}}},"block_order":null}},"block_order":["text_MgMBnY"]},"collapsible_row_9p3U44":{"type":"collapsible-row","settings":{},"blocks":{"text_WMFJKg":{"type":"text","settings":{"text":"<p>Use a soft damp cloth and a drop of mild soap to remove any haze. Air dry.<\/p>","text_style":"","alignment":"start","spacing":{"padding":"15px"}}},"collapsible-row-summary":{"type":"collapsible-row-summary","static":true,"settings":{"summary":"Care instructions"},"blocks":{"collapsible-row-icon":{"type":"icon","static":true,"settings":{"icon":"heart","width":22}}},"block_order":null}},"block_order":["text_WMFJKg"]}},"block_order":["collapsible_row_WEBEnL","collapsible_row_EYqA3x","collapsible_row_9p3U44"]}},"block_order":["8e624812-3736-4121-9762-3bb2c48e1b7c","heading_MgtBgC","85c04f16-a58b-4d58-bc70-ad8f9d1e75a3","0ab4dad4-d9a4-4064-8512-5d6974e32100","13857f6b-f089-4d09-8bf0-f55ec052560d","7e6064f3-e925-4883-b434-2d96eb09a467","41c0675b-741c-4bc1-8edb-5291a98632e6","group_a3Nwet"]}},"block_order":["9c8f7c42-604a-41de-a594-12f7c7f0e653","c0e7c161-3f86-4580-b1d2-5d6f96428237"],"settings":{"product":"{{ product }}","color_scheme":""}}},"order":["eff0db31-5031-4cf7-b594-f534b4a21b27"]}